id	rate
1001	-0.718073463614187
1003	-0.868674817064081
1005	-1.48660614359045
1007	-1.54017054249789
1009	-1.43148915341034
1011	-1.48582984795411
1013	-0.401344843987605
1015	-0.697889777069356
1017	-0.823649670156381
1019	-2.02302642830116
1021	-1.09380055160258
1023	-0.282571611627637
1025	-0.348556740716508
1027	-0.725060124341244
1029	-1.46331727450026
1031	-0.778624523248681
1033	-0.284900498536656
1035	-0.884977025427214
1037	-1.64108897522204
1039	-0.832965217792457
1041	-1.07516945633043
1043	-0.705652733432752
1045	-1.13028644651055
1047	-0.554275084346518
1049	-1.41285805813818
1051	-1.26691447850633
1053	-1.23353376614372
1055	-0.398239661442246
1057	-0.629575761071466
1059	-0.974251023606275
1061	-1.16754863705485
1063	-0.820544487611022
1065	-1.72570519958307
1067	-0.419975939259757
1069	-0.778624523248681
1071	-1.46952763959098
1073	0.0209599821811709
1075	-0.908265894517404
1077	-0.50536845925712
1079	-0.988224345060389
1081	-1.48893503049947
1083	-0.93931771997099
1085	-1.07594575196677
1087	-1.33833367704958
1089	-0.281019020354957
1091	0.192521317812236
1093	-0.898950346881328
1095	-1.30883444286867
1097	-0.712639394159809
1099	-1.07516945633043
1101	0.0178547996358122
1103	-0.534867693438027
1105	-0.671495725433807
1107	-0.324491575989979
1109	-1.06895909123971
1111	-1.49902687377189
1113	-1.40198991922943
1115	-1.27079595668803
1117	-0.410660391623681
1119	-0.117996936723629
1121	-1.3701617981395
1123	-0.777071931976001
1125	-0.728941602522942
1127	-0.810452644338607
1129	-0.475092929439873
1131	-0.843833356701212
1133	-1.38491141522996
4001	-2.22719218065849
4003	-1.22499451414399
4005	-0.961053997788501
4007	-1.26458559159731
4009	-1.77616441594515
4011	-0.634233534889504
4012	-3.25656019444488
4013	-1.75209925121862
4015	-2.13248411302505
4017	-2.26833584938449
4019	-1.11941830760179
4021	-2.7892302213684
4023	-2.05407825375474
4025	-0.761546019249208
4027	-3.12614252753982
5001	-0.175442813812763
5003	-0.607839483253955
5005	-0.353214514534546
5007	-1.24052042687078
5009	-0.0815110418156645
5011	-0.678482386160864
5013	-1.23275747050738
5015	-0.513131415620516
5017	-0.877990364700157
5019	0.111010275996572
5021	-0.818991896338343
5023	-0.1839820658125
5025	-0.883424434154535
5027	-0.640443899980221
5029	-0.975803614878955
5031	-1.15435161123708
5033	-1.19937675814478
5035	-1.84525472757938
5037	-0.537972875983386
5039	-0.432396669441192
5041	-0.421528530532436
5043	-0.902831825063026
5045	-1.13960199414662
5047	-0.910594781426423
5049	-1.05809095233096
5051	-0.480526998894251
5053	-0.719626054886866
5055	-0.989000640696729
5057	-1.86621470976055
5059	-0.73359937634098
5061	-1.06818279560337
5063	-0.402121139623945
5065	-0.0217362778175105
5067	-1.24750708759784
5069	-0.659074995252373
5071	-1.36550402432146
5073	-1.59218235013265
5075	-0.899726642517668
5077	-1.17996936723629
5079	-2.31103210938317
5081	-0.895845164335969
5083	-0.880319251609176
5085	-1.07672204760311
5087	-0.870227408336761
5089	-1.21257378396255
5091	-1.24052042687078
5093	-1.75753332067299
5095	-0.488289955257647
5097	-1.17996936723629
5099	-0.676153499251845
5101	-0.414541869805379
5103	-0.38892411380617
5105	-0.913699963971782
5107	-0.683916455615242
5109	-1.91667392612262
5111	-1.55957793340638
5113	-0.410660391623681
5115	-0.766203793067246
5117	-0.71186309852347
5119	0.309741958899525
5121	-1.24517820068882
5123	-1.3290181294135
5125	-0.753006767249472
5127	-0.932331059243934
5129	-0.725836419977584
5131	-0.587655796709124
5133	-1.27545373050606
5135	-0.547288423619461
5137	-0.200284274175633
5139	-0.0473540338167194
5141	0.166903561813027
5143	-0.943199198152689
5145	-1.15978568069145
5147	-0.777071931976001
5149	-1.67136450503929
6001	-0.839175582883174
6003	0.644325378161919
6005	-0.460343312349419
6007	-0.662180177797731
6009	-0.507697346166139
6011	-1.59140605449631
6013	-0.766203793067246
6015	-1.68999560031144
6017	-0.671495725433807
6019	-1.88950357885074
6021	-0.922239215971518
6023	0.212705004357067
6025	-2.84046573336682
6027	0.704876437796413
6029	-2.05873602757278
6031	-2.73023175300659
6033	-1.52231574286208
6035	-2.17285148611471
6037	-1.73502074721914
6039	-2.08823526175369
6041	0.828307443974419
6043	-0.303531593808808
6045	-0.225902030174842
6047	-2.23184995447653
6049	-0.561261745073575
6051	-1.66127266176688
6053	-1.65894377485786
6055	-0.347780445080168
6057	-0.107128797814873
6059	-1.21645526214425
6061	-0.34312267126213
6063	0.797255618520832
6065	-2.15422039084256
6067	-1.25837522650659
6069	-1.46642245704562
6071	-2.18139073811445
6073	-1.09690573414794
6075	0.0131970258177742
6077	-1.92521317812236
6079	-0.109457684723892
6081	-0.789492662157436
6083	-0.337688601807753
6085	-1.11398423814741
6087	-0.225902030174842
6089	-0.580669135982067
6091	0.326044167262658
6093	-0.00465777381803797
6095	-1.25061227014319
6097	-0.1839820658125
6099	-1.71716594758333
6101	-1.33988626832226
6103	-1.12640496832885
6105	-0.586879501072784
6107	-2.21632404174973
6109	-0.612497257071993
6111	-0.887305912336233
6113	-0.767756384339925
6115	-2.10764265266218
8001	-1.46331727450026
8003	0.454132947258702
8005	-0.387371522533491
8007	0.269374585809863
8009	1.48971132613581
8011	-0.589984683618143
8013	0.815886713792984
8015	1.31116332977769
8017	2.19924553775026
8019	0.0520118076347573
8021	-0.635009830525843
8023	-1.00375025778718
8025	-1.9671331424847
8027	1.54017054249789
8029	0.487513659621307
8031	0.239099055992616
8033	0.362530062170622
8035	0.0558932858164556
8037	-1.08293241269383
8039	-0.128865075632384
8041	-0.353214514534546
8043	-0.708757915978111
8045	-0.00465777381803797
8047	-0.362530062170622
8049	0.430844078168512
8051	1.26846706977901
8053	6.78560015724498
8055	-0.373398201079377
8057	0.98667175378771
8059	0.102471023996835
8061	3.25267871626318
8063	1.48117207413607
8065	-0.288781976718354
8067	0.4129892785327
8069	0.820544487611022
8071	-0.308189367626846
8073	0.256953855628428
8075	0.296544933081751
8077	-0.0947080676334387
8079	1.51532908213502
8081	0.0201836865448312
8083	-0.0232888690901898
8085	-0.0931554763607594
8087	-0.410660391623681
8089	1.16444345450949
8091	2.86530719372969
8093	-0.91758144215348
8095	3.94746331078718
8097	2.78534874318671
8099	-0.16146949235865
8101	-0.258506446901107
8103	0.98589545815137
8105	0.998316188332805
8107	0.242204238537974
8109	-0.268598290173523
8111	3.92727962424235
8113	0.742914923977056
8115	1.65118081849446
8117	-0.609392074526634
8119	0.94009401560733
8121	1.30262407777795
8123	-0.951738450152425
8125	1.40742398868381
9001	-0.0853925199973628
9003	-0.0978132501787974
9005	0.282571611627637
9007	0.326820462898998
9009	-0.529433623983649
9011	-0.338464897444092
9013	-0.247638307992352
9015	-0.532538806529008
10001	-0.906713303244725
10003	0.144390988359177
10005	-0.964935475970199
11001	3.64470801261471
12001	-0.265493107628164
12003	-1.26380929596097
12005	-0.782506001430379
12007	-1.51222389958966
12009	-0.322938984717299
12011	-1.44546247486445
12013	-1.04877540469488
12015	-0.813557826883965
12017	-0.399015957078586
12019	-0.392029296351529
12021	-1.48427725668143
12023	-1.33988626832226
12086	-1.02238135305933
12027	-2.57497262573866
12029	-1.82662363230722
12031	-0.27558495090058
12033	-0.272479768355221
12035	-0.425410008714135
12037	0.462672199258438
12039	-0.834517809065136
12041	-1.35153070286735
12043	-2.56720966937526
12045	-0.310518254535865
12047	-1.8281762235799
12049	-2.10065599193512
12051	-2.63629998100949
12053	-0.461895903622099
12055	-0.755335654158491
12057	-1.02936801378639
12059	-0.925344398516877
12061	-0.451027764713343
12063	-0.840728174155853
12065	-0.311294550172204
12067	-1.36395143304879
12069	-0.943199198152689
12071	-1.12407608141983
12073	0.798808209793512
12075	-0.957948815243142
12077	-2.21787663302241
12079	-0.945528085061708
12081	-0.922239215971518
12083	-0.96415918033386
12085	-0.191745022175896
12087	-0.168456153085707
12089	-0.0830636330883438
12091	-0.32138639344462
12093	-2.11307672211656
12095	-1.12562867269251
12097	-1.87630655303296
12099	-0.978132501787974
12101	-1.1372731072376
12103	-0.740586037068037
12105	-1.34997811159467
12107	-0.93931771997099
12109	-0.0473540338167194
12111	-1.3818062326846
12113	-0.677706090524525
12115	-0.0372621905443038
12117	-0.571353588345991
12119	-1.13649681160126
12121	-0.992882118878427
12123	-1.13649681160126
12125	-2.38633278610812
12127	-0.670719429797468
12129	-1.2917559388692
12131	-0.680034977433544
12133	-0.467329973076476
13001	-1.22965228796202
13003	-2.65881255446334
13005	-1.63798379267669
13007	-2.24194179774894
13009	-1.90270060466851
13011	-1.6403126795857
13013	-1.80255846758069
13015	-1.72260001703771
13017	-1.595287532678
13019	-2.0983271050261
13021	-0.302755298172468
13023	-0.291887159263713
13025	-2.32578172647363
13027	-2.01526347193776
13029	-1.27467743486972
13031	-2.07891971411761
13033	-1.5619068203154
13035	-1.39577955413871
13037	-1.64574674904008
13039	-1.51377649086234
13043	-1.82274215412553
13045	-1.30728185159599
13047	-1.38025364141192
13049	-2.22486329374947
13051	-0.719626054886866
13053	-3.85508413006276
13055	-2.16353593847864
13057	-1.00142137087816
13059	-1.15590420250976
13061	-1.81886067594383
13063	-1.9671331424847
13065	-2.01914495011946
13067	-0.708757915978111
13069	-2.2039033115683
13071	-1.98498794212051
13073	-0.300426411263449
13075	-1.83671547557964
13077	-0.925344398516877
13079	-1.90968726539557
13081	-1.88639839630538
13083	-1.72337631267405
13085	-0.970369545424577
13087	-1.45322543122785
13089	-0.730494193795622
13091	-1.44235729231909
13093	-1.87785914430564
13095	-0.653640925797995
13097	-0.961830293424841
13099	-0.821320783247362
13101	-3.28838831553481
13103	-1.58286680249657
13105	-1.28942705196018
13107	-2.35450466501819
13109	-1.48117207413607
13111	-0.288781976718354
13113	0.452580355986023
13115	-1.31504480795939
13117	-0.956396223970463
13119	-0.920686624698839
13121	-0.499934389802742
13123	-1.61547121922284
13125	-0.832188922156117
13127	-0.789492662157436
13129	-1.66437784431223
13131	-1.6441941577674
13133	-0.61948391779905
13135	-1.31814999050475
13137	-1.05420947414926
13139	-1.69620596540216
13141	-2.76283616973286
13143	-1.28865075632384
13145	-0.541078058528744
13147	-1.11398423814741
13149	-1.99740867230195
13151	-0.947856971970727
13153	-1.27467743486972
13155	-1.53628906431619
13157	-1.53085499486181
13159	-1.70707410431092
13161	-1.40043732795675
13163	-1.43769951850105
13165	-1.24905967887052
13167	-1.73502074721914
13169	-1.46254097886392
13171	-0.563590631982594
13173	-1.76141479885469
13175	-1.227323401053
13177	-1.963251664303
13179	-2.81019020354957
13181	-0.800360801066191
13183	-2.99650115627109
13185	-1.45477802250053
13187	-1.49436909995385
13189	-1.46098838759124
13191	-0.930002172334915
13193	-1.57743273304219
13195	-1.08137982142115
13197	-1.51610537777136
13199	-1.49204021304483
13201	-0.506144754893459
13205	-1.65661488794884
13207	-0.864017043246043
13209	-1.95548870793961
13211	-0.244533125446993
13213	-2.69840363191666
13215	-0.985119162515031
13217	-1.38258252832094
13219	0.402121139623945
13221	-1.2017056450538
13223	-1.39267437159335
13225	-1.26846706977901
13227	-1.7497703643096
13229	-1.6441941577674
13231	-0.452580355986023
13233	-1.60926085413212
13235	-1.48194836977241
13237	-1.23198117487104
13239	-2.7147058402798
13241	-0.698666072705695
13243	-0.525552145801951
13245	-0.947856971970727
13247	-0.635786126162183
13249	-1.36239884177611
13251	-1.41984471886524
13253	-1.26148040905195
13255	-1.02315764869567
13257	-0.401344843987605
13259	-0.971922136697256
13261	-1.11553682942009
13263	-1.22344192287131
13265	-0.194073909084915
13267	-2.53615784392167
13269	-1.06663020433069
13271	-2.4779356711962
13273	-1.25992781777927
13275	-0.696337185796676
13277	-1.49436909995385
13279	-1.38025364141192
13281	-0.291110863627373
13283	-1.1077738730567
13285	-0.818991896338343
13287	-1.44390988359177
13289	-1.5246446297711
13291	-0.594642457436181
13293	-0.994434710151107
13295	-1.72337631267405
13297	-0.954843632697784
13299	-1.14270717669198
13301	-0.680811273069883
13303	-0.846162243610231
13305	-1.55569645522468
13307	-1.1822982541453
13309	-2.85133387227558
13311	-1.15823308941877
13313	-1.93142354321308
13315	-2.00284274175633
13317	-0.579116544709387
13319	-0.636562421798523
13321	-1.91279244794093
16001	0.142062101450158
16003	-0.374174496715717
16005	-0.057445877089135
16007	-0.943975493789029
16009	-0.139733214541139
16011	-1.07749834323945
16013	0.294216046172732
16015	-0.740586037068037
16017	-0.732823080704641
16019	-0.385042635624472
16021	-0.652088334525316
16023	-0.00388147818169831
16025	0.335359714898734
16027	-1.49281650868117
16029	-0.301979002536128
16031	-1.08526129960285
16033	-0.57445877089135
16035	0.18320577017616
16037	1.3212551730501
16039	-1.98886942030221
16041	-1.15202272432806
16043	-0.916028850880801
16045	-0.18320577017616
16047	-0.998316188332805
16049	0.154482831631593
16051	-0.912923668335442
16053	-1.39034548468433
16055	-0.485184772712288
16057	0.557380266891877
16059	0.978132501787974
16061	0.439383330168248
16063	-0.812781531247626
16065	-1.64885193158544
16067	-1.15435161123708
16069	0.402121139623945
16071	-0.411436687260021
16073	-1.65661488794884
16075	-0.96415918033386
16077	-1.08914277778455
16079	0.101694728360496
16081	-0.36718783598866
16083	-0.707981620341771
16085	0.627246874162447
16087	-0.25229608181039
17001	0.875661477791138
17003	-0.190192430903217
17005	-0.172337631267405
17007	-0.891187390517931
17009	0.0830636330883438
17011	1.21723155778059
17013	0.658298699616033
17015	1.24440190505248
17017	0.364082653443301
17019	-0.145943579631856
17021	0.552722493073839
17023	1.1978241668721
17025	1.02082876178665
17027	0.357095992716244
17029	0.163022083631329
17031	-1.1000109166933
17033	1.12019460323813
17035	0.367964131625
17037	-0.340793784353111
17039	0.793374140339134
17041	0.753783062885811
17043	-0.106352502178534
17045	0.937765128698311
17047	1.38724030213898
17049	0.834517809065136
17051	0.696337185796676
17053	1.34299145086761
17055	0.676153499251845
17057	0.739809741431698
17059	1.32591294686814
17061	0.758440836703849
17063	-0.0442488512713607
17065	2.28386176211128
17067	1.46331727450026
17069	-0.382713748715453
17071	0.87177999960944
17073	1.07051168251239
17075	0.617931326526371
17077	-0.0947080676334387
17079	1.58441939376925
17081	0.426186304350474
17083	-0.124207301814346
17085	0.548841014892141
17087	-0.194073909084915
17089	-1.06895909123971
17091	-0.358648583988924
17093	-0.437054443259229
17095	0.506921050529799
17097	-0.625694282889767
17099	0.32216268908096
17101	0.227454621447521
17103	0.237546464719936
17105	0.440159625804588
17107	0.554275084346518
17109	0.368740427261339
17111	-0.510802528711497
17113	0.204165752357331
17115	0.616378735253691
17117	0.68935052506962
17119	0.369516722897679
17121	0.635009830525843
17123	1.67679857449367
17125	0.926896989789556
17127	0.579116544709387
17129	1.595287532678
17131	1.41208176250184
17133	1.04799910905854
17135	0.697113481433016
17137	0.50459216362078
17139	0.41376557416904
17141	0.314399732717563
17143	0.465777381803797
17145	1.03402578760443
17147	1.30184778214161
17149	0.732046785068301
17151	0.609392074526634
17153	0.590760979254482
17155	1.17375900214557
17157	0.739809741431698
17159	1.26458559159731
17161	2.28696694465664
17163	-0.135851736359441
17165	0.584550614163765
17167	1.27079595668803
17169	1.3856877108663
17171	0.889634799245252
17173	0.680034977433544
17175	1.66049636613054
17177	0.41221298289636
17179	0.425410008714135
17181	0.568248405800632
17183	-0.0326044167262658
17185	1.21179748832621
17187	0.93931771997099
17189	1.58830087195095
17191	1.39577955413871
17193	1.8242947453982
17195	0.599300231254219
17197	-0.971922136697256
17199	0.560485449437236
17201	-0.367964131625
17203	0.950962154516085
18001	0.419975939259757
18003	-0.284900498536656
18005	-0.0675377203615506
18007	1.83516288430696
18009	0.627246874162447
18011	0.244533125446993
18013	-0.277137542173259
18015	-0.200284274175633
18017	-0.403673730896624
18019	-0.690903116342299
18021	0.0442488512713607
18023	-0.523223258892932
18025	-0.996763597060126
18027	-0.213481299993407
18029	-0.043472555635021
18031	0.0644325378161919
18033	-0.00465777381803797
18035	-0.133522849450422
18037	0.701771255251054
18039	-0.735928263249999
18041	0.0993658414514767
18043	0.102471023996835
18045	0.426962599986814
18047	-0.376503383624736
18049	0.16069319672231
18051	0.751454175976792
18053	-0.117220641087289
18055	-0.191745022175896
18057	0
18059	-0.0349333036352848
18061	0.0155259127267932
18063	-0.895845164335969
18065	0.198731682902953
18067	0.558156562528217
18069	0.433172965077531
18071	-0.208047230539029
18073	-0.246085716719673
18075	0.888082207972573
18077	-0.277913837809599
18079	-1.45322543122785
18081	-0.690903116342299
18083	0.166903561813027
18085	-0.247638307992352
18087	-1.67757487013001
18089	-0.71186309852347
18091	-0.497605502893723
18093	-0.180100587630801
18095	-0.134299145086761
18097	-0.34389896689847
18099	0.0372621905443038
18101	1.36239884177611
18103	-0.295768637445411
18105	-0.73437567197732
18107	-0.1839820658125
18109	-0.900502938154007
18111	-0.45956701671308
18113	-0.68857422943328
18115	0.270927177082542
18117	-0.096260658906118
18119	-1.43226544904668
18121	-0.356319697079905
18123	0.0349333036352848
18125	1.04955170033122
18127	-0.400568548351265
18129	0.121102119268987
18131	0.409107800351002
18133	-0.570577292709651
18135	0.495276615984704
18137	0.373398201079377
18139	0.468106268712816
18141	-0.178547996358122
18143	-1.01461839669594
18145	-0.57290617961867
18147	0.71108680288713
18149	-0.818991896338343
18151	-0.419199643623417
18153	-0.607839483253955
18155	-0.909042190153744
18157	-0.936988833061972
18159	0.71031050725079
18161	0.270150881446202
18163	0.102471023996835
18165	0.212705004357067
18167	-0.296544933081751
18169	0.490618842166666
18171	-0.342346375625791
18173	0.159140605449631
18175	-0.800360801066191
18177	0.171561335631065
18179	0.701771255251054
18181	-0.0287229385445675
18183	0.339241193080432
19001	1.71483706067431
19003	2.43135793301582
19005	1.28244039123312
19007	0.738257150159018
19009	1.97644869012078
19011	1.05964354360364
19013	0.806571166156908
19015	1.11010275996572
19017	2.11152413084388
19019	1.05032799596756
19021	1.43226544904668
19023	1.62478676685891
19025	2.66036514573602
19027	2.10686635702584
19029	2.31336099629219
19031	1.81575549339847
19033	1.64108897522204
19035	2.6052481555559
19037	2.11540560902558
19039	1.02393394433201
19041	1.8242947453982
19043	1.35075440723101
19045	1.24129672250712
19047	0.985119162515031
19049	0.57368247525501
19051	0.878766660336497
19053	0.29887381999077
19055	1.26846706977901
19057	1.33445219886788
19059	1.03713097014979
19061	0.902831825063026
19063	2.11307672211656
19065	1.63254972322231
19067	1.67446968758465
19069	2.06339380139082
19071	0.781729705794039
19073	2.3467417086548
19075	2.70461399700738
19077	1.6069319672231
19079	1.91201615230459
19081	2.3428602304731
19083	2.71625843155248
19085	1.24129672250712
19087	0.956396223970463
19089	2.10143228757146
19091	2.57497262573866
19093	2.2000218333866
19095	1.73967852103718
19097	0.821320783247362
19099	1.44934395304615
19101	1.41984471886524
19103	0.602405413799577
19105	0.927673285425896
19107	1.56113052467906
19109	3.53525032789082
19111	1.19860046250844
19113	1.12640496832885
19115	0.240651647265295
19117	1.22266562723497
19119	2.71392954464346
19121	0.974251023606275
19123	1.31737369486841
19125	2.07659082720859
19127	0.703323846523733
19129	0.386595226897151
19131	2.44766014137895
19133	1.80100587630801
19135	0.89506886869963
19137	1.52386833413476
19139	0.625694282889767
19141	3.02522409481566
19143	2.34596541301846
19145	1.90114801339583
19147	2.41350313338001
19149	1.29874259959625
19151	3.07568331117774
19153	3.33729494062421
19155	0.235217577810917
19157	1.30029519086893
19159	1.45167283995517
19161	2.6502733024636
19163	0.767756384339925
19165	1.97800128139346
19167	2.30637433556513
19169	1.26148040905195
19171	1.60848455849578
19173	0.925344398516877
19175	1.58053791558755
19177	1.02160505742299
19179	0.565143223255274
19181	0.80191339233887
19183	1.81575549339847
19185	1.47108023086366
19187	1.17453529778191
19189	2.1627596428423
19191	1.56423570722442
19193	0.631904647980485
19195	1.6403126795857
19197	2.79466429082278
20001	0.792597844702794
20003	0.492171433439345
20005	0.843057061064872
20007	2.63629998100949
20009	0.888082207972573
20011	0.707205324705432
20013	1.88174062248734
20015	-0.1839820658125
20017	1.81265031085311
20019	1.10622128178402
20021	0.164574674904008
20023	3.844215991154
20025	3.56863104025342
20027	1.94151538648549
20029	2.26833584938449
20031	1.4229499014106
20033	3.25733649008122
20035	0.378832270533755
20037	0.224349438902162
20039	3.4840148158924
20041	1.64108897522204
20043	0.652864630161655
20045	-0.105576206542194
20047	1.38491141522996
20049	0.447922582167985
20051	0.556603971255537
20053	1.58131421122389
20055	-1.38413511959362
20057	-1.03945985705881
20059	0.454132947258702
20061	-1.36006995486709
20063	3.99404104896756
20065	1.92831836066772
20067	0.698666072705695
20069	1.93841020394013
20071	5.22835111074762
20073	0.0403673730896624
20075	1.99740867230195
20077	1.87553025739662
20079	0.934659946152953
20081	0.0364858949079641
20083	1.8242947453982
20085	0.152930240358913
20087	0.498381798530063
20089	3.4428711471664
20091	0.544183241074103
20093	-0.13818062326846
20095	0.747572697795094
20097	3.94668701515084
20099	0.193297613448576
20101	4.52036949040585
20103	-0.903608120699366
20105	2.80242724718618
20107	-0.588432092345463
20109	3.6268532129789
20111	-0.100142137087816
20113	1.74123111230986
20115	2.09134044429905
20117	2.87539903700211
20119	2.7069428839164
20121	0.360977470897943
20123	2.79932206464082
20125	0.454909242895042
20127	2.21399515484071
20129	2.03699974975527
20131	1.84525472757938
20133	0.840728174155853
20135	3.80540120933702
20137	2.41816090719805
20139	-0.0108681389087553
20141	2.64328664173655
20143	1.57510384613317
20145	1.23974413123444
20147	3.67420724679562
20149	0.639667604343881
20151	1.86233323157885
20153	3.50031702425553
20155	0.266269403264504
20157	3.74562644533887
20159	1.12485237705617
20161	-0.622589100344409
20163	1.90192430903217
20165	2.69685104064398
20167	2.11230042648022
20169	0.765427497430906
20171	2.35993873447257
20173	-0.675377203615506
20175	-1.34299145086761
20177	0.992882118878427
20179	4.35191333732014
20181	1.36705661559414
20183	4.5956701671308
20185	3.30080904571624
20187	1.63720749704035
20189	0.815110418156645
20191	0.340793784353111
20193	3.19057506535601
20195	3.56785474461708
20197	1.59218235013265
20199	4.55297390713211
20201	3.5895910224346
20203	3.34816307953296
20205	0.873332590882119
20207	0.647430560707278
20209	-1.04101244833149
21001	-1.58209050686023
21003	-1.52542092540744
21005	-0.192521317812236
21007	0.982790275606012
21009	-1.07982723014847
21011	-1.40431880613845
21013	-1.19549527996308
21015	-0.683916455615242
21017	-0.364858949079641
21019	0.490618842166666
21021	0.454909242895042
21023	-0.256953855628428
21025	-2.07891971411761
21027	-0.468106268712816
21029	-1.16521975014583
21031	-0.581445431618407
21033	1.30107148650527
21035	-0.54961731052848
21037	-0.293439750536392
21039	0.180100587630801
21041	-0.547288423619461
21043	-1.30184778214161
21045	-1.71949483449235
21047	-1.41363435377452
21049	-0.315952323990242
21051	-2.37003057774499
21053	-1.28088779996044
21055	0.533315102165347
21057	-1.10855016869304
21059	0.340017488716772
21061	-1.80954512830775
21063	-1.44546247486445
21065	-1.27855891305142
21067	0.0217362778175105
21069	-0.241427942901635
21071	-1.11476053378375
21073	1.58985346322363
21075	-0.129641371268723
21077	-1.60227419340506
21079	-1.30262407777795
21081	-1.16133827196413
21083	-0.20571834363001
21085	-1.45788320504588
21087	-0.301979002536128
21089	-0.676153499251845
21091	0.425410008714135
21093	-0.912923668335442
21095	-1.56734088976978
21097	-0.411436687260021
21099	-1.19161380178138
21101	-0.381937453079113
21103	-0.530209919619989
21105	-0.465001086167457
21107	0.250743490537711
21109	-2.32267654392827
21111	0.195626500357595
21113	-0.266269403264504
21115	-1.65118081849446
21117	-0.55116990180116
21119	-1.84991250139741
21121	-1.75598072940031
21123	-0.340017488716772
21125	-1.59218235013265
21127	-1.55880163777004
21129	-1.80178217194435
21131	-1.87630655303296
21133	-1.5580253421337
21135	-1.95704129921229
21137	-1.29097964323286
21139	0.25229608181039
21141	-0.562038040709915
21143	0.513131415620516
21145	0.497605502893723
21147	-2.35760984756355
21149	0.490618842166666
21151	-1.08137982142115
21153	-1.60227419340506
21155	-1.06818279560337
21157	0.484408477075949
21159	-2.05485454939108
21161	0.510026233075158
21163	-1.27390113923338
21165	-2.16198334720596
21167	-0.0628799465435126
21169	-1.37637216323022
21171	-0.432396669441192
21173	-1.14270717669198
21175	-2.00284274175633
21177	0.246862012356012
21179	-0.529433623983649
21181	-0.837622991610495
21183	-0.393581887624208
21185	0.112562867269251
21187	-0.80268968797521
21189	-0.924568102880537
21191	-0.534091397801687
21193	-1.29796630395991
21195	-1.33057072068618
21197	-1.46254097886392
21199	-0.997539892696465
21201	1.00452655342352
21203	-1.62789194940427
21205	-0.921462920335178
21207	-0.718849759250527
21209	-0.473540338167194
21211	-0.355543401443565
21213	-0.241427942901635
21215	-0.406002617805643
21217	-0.191745022175896
21219	-0.0993658414514767
21221	0.247638307992352
21223	-0.558932858164556
21225	-0.582221727254746
21227	-0.713415689796149
21229	0.299650115627109
21231	-1.60770826285944
21233	-0.339241193080432
21235	-1.07439316069409
21237	-1.5207631515894
21239	0.440159625804588
22001	-0.990553231969408
22003	-1.28942705196018
22005	-1.28244039123312
22007	-0.890411094881592
22009	-1.54172313377057
22011	-0.823649670156381
22013	-0.539525467256065
22015	-0.933883650516613
22017	-0.426186304350474
22019	-0.579116544709387
22021	-0.690126820705959
22023	-0.947080676334387
22025	-0.650535743252636
22027	-1.3662803199578
22029	-0.50536845925712
22031	-0.890411094881592
22033	0.0721954941795885
22035	-0.64122019561656
22037	-0.896621459972309
22039	-1.24052042687078
22041	-0.492171433439345
22043	-1.00840803160522
22045	-0.884200729790875
22047	-0.961053997788501
22049	0.34312267126213
22051	-0.906713303244725
22053	-0.632680943616824
22055	-0.50536845925712
22057	-1.08293241269383
22059	-0.833741513428797
22061	-0.48130329453059
22063	-1.43148915341034
22065	-1.64962822722178
22067	-0.32061009780828
22069	-0.495276615984704
22071	-0.931554763607594
22073	-0.0954843632697784
22075	-1.48582984795411
22077	-0.587655796709124
22079	-0.402897435260284
22081	-0.38970040944251
22083	-0.623365395980748
22085	-0.967264362879218
22087	-1.08526129960285
22089	-0.289558272354694
22091	-0.942422902516349
22093	-0.166127266176688
22095	-1.25527004396123
22097	-1.41052917122916
22099	-1.40820028432015
22101	-0.878766660336497
22103	-0.639667604343881
22105	-1.36162254613977
22107	-0.45956701671308
22109	-1.2917559388692
22111	-0.644325378161919
22113	-0.89351627742695
22115	-2.35605725629087
22117	-1.20558712323549
22119	-0.433172965077531
22121	-0.758440836703849
22123	-0.25151978617405
22125	-2.41893720283439
22127	-1.15124642869172
23001	0.152930240358913
23003	0.373398201079377
23005	1.11243164687474
23007	0.851596313064609
23009	1.31271592105037
23011	0.936212537425632
23013	1.39189807595701
23015	1.34143885959494
23017	0.2290072127202
23019	0.55039360616482
23021	0.725836419977584
23023	0.48130329453059
23025	0.0815110418156645
23027	0.391253000715189
23029	0.385042635624472
23031	-0.11566804981461
24001	0.156035422904272
24003	-0.112562867269251
24005	-0.302755298172468
24009	-0.394358183260548
24011	-0.902055529426687
24013	-0.050459216362078
24015	-1.33212331195886
24017	-0.600852822526898
24019	-0.264716811991825
24021	0.1839820658125
24023	-0.729717898159282
24025	-0.222020551993143
24027	0.541854354165084
24029	1.08370870833017
24031	0.104023615269515
24033	-1.0060791446962
24035	-0.0978132501787974
24037	-1.06895909123971
24039	-1.54327572504325
24041	1.13028644651055
24043	-0.192521317812236
24045	-0.317504915262922
24047	-0.634233534889504
24510	-1.27545373050606
25001	0.439383330168248
25003	0.331478236717036
25005	-0.683916455615242
25007	3.4428711471664
25009	-0.354767105807225
25011	0.633457239253164
25013	-0.652088334525316
25015	0.158364309813291
25017	-0.0923791807244197
25019	2.54003932210337
25021	0.237546464719936
25023	-0.371069314170358
25025	-0.874885182154799
25027	-0.454132947258702
26001	-0.134299145086761
26003	0.111786571632911
26005	0.0799584505429851
26007	0.898174051244989
26009	0.294992341809071
26011	-0.385042635624472
26013	-0.312070845808544
26015	-0.143614692722837
26017	0.419975939259757
26019	0.546512127983122
26021	0.133522849450422
26023	-0.789492662157436
26025	-0.0411436687260021
26027	-0.66450906470675
26029	0.827531148338079
26031	-0.0636562421798522
26033	-0.680811273069883
26035	-1.01151321415058
26037	0.500710685439082
26039	-0.726612715613923
26041	0.66528536034309
26043	0.654417221434335
26045	0.71031050725079
26047	1.10544498614768
26049	-0.0131970258177742
26051	-0.817439305065664
26053	0.22978350835654
26055	0.951738450152425
26057	-0.104023615269515
26059	-0.535643989074366
26061	0.197955387266614
26063	0.818215600702003
26065	0.837622991610495
26067	-0.518565485074894
26069	-0.11566804981461
26071	0.864017043246043
26073	-1.21723155778059
26075	-0.290334567991033
26077	0.319057506535601
26079	-0.883424434154535
26081	0.507697346166139
26083	0.905937007608385
26085	-1.78858514612658
26087	-0.166903561813027
26089	0.913699963971782
26091	0.194073909084915
26093	0.0768532679976265
26095	-0.341570079989451
26097	0.510026233075158
26099	-0.326044167262658
26101	0.238322760356276
26103	0.634233534889504
26105	0.216586482538766
26107	-0.818991896338343
26109	-0.0714191985432489
26111	0.662956473434071
26113	-0.386595226897151
26115	-0.0426962599986814
26117	-0.383490044351793
26119	0.283347907263976
26121	0.00465777381803797
26123	-0.494500320348364
26125	0.491395137803006
26127	-0.585326909800105
26129	-0.451804060349683
26131	1.13572051596492
26133	-0.140509510177479
26135	-0.307413071990506
26137	0.302755298172468
26139	0.71031050725079
26141	0.493724024712025
26143	-0.149825057813555
26145	0.485184772712288
26147	-0.0263940516355485
26149	-0.263940516355485
26151	-0.20571834363001
26153	0.310518254535865
26155	0.315952323990242
26157	0.447922582167985
26159	-0.657522403979693
26161	0.315176028353903
26163	-0.474316633803533
26165	0.143614692722837
27001	0.569024701436972
27003	0.443264808349947
27005	0.96415918033386
27007	0.408331504714662
27009	0.319057506535601
27011	3.67032576861392
27013	1.33755738141324
27015	1.87397766612394
27017	1.00685544033254
27019	0.958725110879482
27021	0.854701495609967
27023	2.58040669519304
27025	0.277137542173259
27027	0.681587568706223
27029	1.41751583195622
27031	1.38025364141192
27033	3.20765356935548
27035	0.824425965792721
27037	0.762322314885548
27039	1.40664769304747
27041	1.798676989399
27043	3.27208610717167
27045	3.33108457553349
27047	1.92288429121334
27049	2.19148258138686
27051	4.07555209078322
27053	1.21102119268987
27055	1.57820902867853
27057	0.773966749430643
27059	0.617155030890031
27061	0.717297167977847
27063	2.05563084502742
27065	0.440935921440928
27067	1.46642245704562
27069	4.24012676568723
27071	1.56656459413344
27073	2.8458998028212
27075	2.03001308902821
27077	2.27144103192985
27079	0.930002172334915
27081	3.3978460002587
27083	1.90037171775949
27085	1.3818062326846
27087	-0.262387925082806
27089	3.82015082642747
27091	2.4818171493779
27093	1.39577955413871
27095	1.34143885959494
27097	1.25216486141587
27099	1.45012024868249
27101	3.66178651661418
27103	5.76787657800369
27105	1.81575549339847
27107	3.42424005189425
27109	0.94009401560733
27111	1.32203146868644
27113	1.62323417558623
27115	0.048130329453059
27117	2.30326915301978
27119	2.03855234102795
27121	3.02134261663396
27123	1.38258252832094
27125	2.9281871402732
27127	2.80165095154984
27129	2.65182589373628
27131	0.721178646159546
27133	2.90489827118301
27135	1.31659739923207
27137	1.63876008831303
27139	0.416870756714398
27141	0.204942047993671
27143	2.40962165519831
27145	1.2762300261424
27147	1.56811718540612
27149	3.02755298172468
27151	2.06417009702716
27153	0.683140159978902
27155	2.41505572465269
27157	1.92366058684968
27159	1.91745022175896
27161	1.42993656213766
27163	1.08370870833017
27165	2.78146726500501
27167	1.66127266176688
27169	1.39345066722969
27171	0.877990364700157
27173	2.54702598283043
28001	-0.0426962599986814
28003	-0.972698432333596
28005	-0.174666518176424
28007	-0.282571611627637
28009	-0.673048316706487
28011	-0.487513659621307
28013	-0.376503383624736
28015	-0.336136010535073
28017	-0.831412626519778
28019	-0.793374140339134
28021	-0.62026021343539
28023	-0.517012893802215
28025	-0.261611629446466
28027	-0.881871842881856
28029	-1.12407608141983
28031	-0.73359937634098
28033	-1.23353376614372
28035	-0.475869225076213
28037	0.476645520712552
28039	-1.25294115705221
28041	-1.96790943812104
28043	-0.258506446901107
28045	-1.62944454067695
28047	-1.53163129049815
28049	0.142062101450158
28051	-0.969593249788237
28053	-0.222020551993143
28055	-1.56734088976978
28057	-0.906713303244725
28059	-1.2017056450538
28061	-0.863240747609704
28063	-1.9671331424847
28065	-0.483632181439609
28067	-0.45879072107674
28069	-1.33988626832226
28071	-1.00375025778718
28073	-0.774743045066982
28075	-0.277913837809599
28077	0.242980534174314
28079	-0.729717898159282
28081	-0.768532679976265
28083	-1.15202272432806
28085	-0.315176028353903
28087	-0.371069314170358
28089	-0.0597747639981539
28091	0.127312484359704
28093	-1.21412637523523
28095	-0.969593249788237
28097	-0.392805591987869
28099	-1.07516945633043
28101	-0.423857417441455
28103	0.111786571632911
28105	-0.905160711972045
28107	-1.18074566287263
28109	-1.44623877050079
28111	-0.989776936333068
28113	-0.258506446901107
28115	-1.01927617051398
28117	-0.96338288469752
28119	-0.973474727969936
28121	-0.724283828704904
28123	-1.03247319633175
28125	0.984342866878691
28127	-0.781729705794039
28129	-0.830636330883438
28131	-1.53085499486181
28133	-1.67990375703903
28135	-0.6870216381606
28137	-0.582998022891086
28139	-0.656746108343354
28141	-1.29020334759652
28143	-2.60291926864689
28145	-0.678482386160864
28147	-0.896621459972309
28149	-0.433172965077531
28151	-0.969593249788237
28153	-0.96260658906118
28155	-0.0636562421798522
28157	-1.17065381960021
28159	-0.0170785039994726
28161	-0.316728619626582
28163	-1.18307454978164
29001	0.683140159978902
29003	-0.0768532679976265
29005	2.91266122754641
29007	0.480526998894251
29009	-0.0861688156337024
29011	0.749125289067773
29013	0.738257150159018
29015	-0.331478236717036
29017	-0.387371522533491
29019	0.793374140339134
29021	0.476645520712552
29023	-0.488289955257647
29025	0.324491575989979
29027	-0.600852822526898
29029	-0.763098610521887
29031	0.684692751251581
29033	0.783282297066718
29035	-0.576011362164029
29037	0.0225125734538502
29039	0.293439750536392
29041	1.45012024868249
29043	-0.0667614247252109
29045	0.772414158157963
29047	0.16069319672231
29049	0.274032359627901
29051	2.7597309871875
29053	0.231336099629219
29055	-0.830636330883438
29057	1.0588672479673
29059	-0.34312267126213
29061	-0.153706535995253
29063	-0.837622991610495
29065	-0.220467960720464
29067	0.203389456720991
29069	-0.208047230539029
29071	0.11489175417827
29073	0.759993427976529
29075	2.21321885920438
29077	0.448698877804324
29079	1.22266562723497
29081	1.21956044468961
29083	0.737480854522678
29085	-0.347004149443829
29087	1.51144760395332
29089	0.924568102880537
29091	-0.0993658414514767
29093	0.909042190153744
29095	-0.727389011250263
29097	0.0869451112700421
29099	-0.64277278688924
29101	-0.6870216381606
29103	1.75753332067299
29105	-0.057445877089135
29107	0.837622991610495
29109	-0.0908265894517404
29111	0.94087031124367
29113	-0.650535743252636
29115	1.53861795122521
29117	1.21645526214425
29119	-1.61003714976846
29121	0.763098610521887
29123	-0.04580144254404
29125	0.314399732717563
29127	0.752230471613132
29129	1.28554557377848
29131	-0.537972875983386
29133	-0.589984683618143
29135	0.77940081888502
29137	1.02393394433201
29139	0.700218663978375
29141	-0.725836419977584
29143	-0.52632844143829
29145	-0.763874906158227
29147	0.43627814762289
29149	-0.349333036352848
29151	0.165350970540348
29153	-0.316728619626582
29155	-1.1077738730567
29157	0.52788103271097
29159	0.201836865448312
29161	0.288005681082014
29163	0.594642457436181
29165	1.38258252832094
29167	-0.194073909084915
29169	-1.70319262612922
29171	-0.135851736359441
29173	-0.290334567991033
29175	-0.16069319672231
29177	0.273256063991561
29179	0.222796847629483
29181	-0.648983151979957
29183	0.0442488512713607
29185	0.483632181439609
29186	0.200284274175633
29187	-0.780953410157699
29189	0.867898521427742
29195	0.287229385445675
29197	1.41751583195622
29199	1.31426851232305
29201	0.152153944722574
29203	-0.0993658414514767
29205	2.29084842283834
29207	0.0271703472718882
29209	-0.587655796709124
29211	0.220467960720464
29213	0.152153944722574
29215	0.184758361448839
29217	0.0923791807244197
29219	-0.450251469077004
29221	-1.21102119268987
29223	-0.399015957078586
29225	-0.140509510177479
29227	2.27532251011155
29229	0.57290617961867
29510	0.0442488512713607
30001	1.51455278649868
30003	-0.878766660336497
30005	1.06119613487632
30007	0.673048316706487
30009	0.506144754893459
30011	2.08590637484467
30013	0.32061009780828
30015	3.59114361370727
30017	0.808900053065927
30019	4.37520220641033
30021	2.3017165617471
30023	0.515460302529535
30025	2.73256063991561
30027	1.69465337412948
30029	0.837622991610495
30031	0.818215600702003
30033	1.63099713194963
30035	-0.727389011250263
30037	-0.353990810170886
30039	0.415318165441719
30041	0.685469046887921
30043	0.520118076347573
30045	0.999092483969144
30047	-0.775519340703322
30049	2.37779353410838
30051	3.01125077336155
30053	0.437830738895569
30055	4.11359057696387
30057	1.37559586759388
30059	0.151377649086234
30061	0.00853925199973628
30063	1.89416135266877
30065	1.89338505703243
30067	1.31426851232305
30069	-0.192521317812236
30071	1.34997811159467
30073	2.46939641919646
30075	3.92960851115137
30077	0.0768532679976265
30079	2.71858731846149
30081	0.602405413799577
30083	2.10376117448048
30085	0.098589545815137
30087	0.328373054171677
30089	0.677706090524525
30091	2.87151755882041
30093	0.668390542888449
30095	1.19316639305406
30097	2.29628249229272
30099	3.63306357806962
30101	1.70862669558359
30103	2.65182589373628
30105	2.46240975846941
30107	1.88329321376002
30109	0.946304380698047
30111	0.8710037039731
31001	0.535643989074366
31003	1.83438658867062
31005	2.36692539519963
31007	0.957172519606803
31009	3.48711999843776
31011	2.1472337301155
31013	1.60615567158676
31015	2.48647492319594
31017	3.07956478935944
31019	0.662180177797731
31021	1.98886942030221
31023	1.66127266176688
31025	0.451027764713343
31027	1.74744147740058
31029	2.8342553682761
31031	2.28696694465664
31033	1.20869230578085
31035	2.17673296429641
31037	0.497605502893723
31039	1.53240758613449
31041	1.71871853885601
31043	-1.09069536905722
31045	1.24207301814346
31047	-0.178547996358122
31049	3.78444122715585
31051	1.74123111230986
31053	0.818991896338343
31055	0.0714191985432489
31057	1.66981191376661
31059	2.25048104974868
31061	1.47729059595438
31063	2.41738461156171
31065	2.60835333810126
31067	1.29641371268723
31069	2.21321885920438
31071	4.5467635420414
31073	1.95859389048497
31075	3.34195271444224
31077	1.67679857449367
31079	0.110233980360232
31081	2.33043950029166
31083	1.48272466540875
31085	0.569800997073312
31087	1.0060791446962
31089	1.32591294686814
31091	8.94214943499656
31093	0.749901584704113
31095	1.81497919776213
31097	1.52231574286208
31099	1.91356874357727
31101	0.773966749430643
31103	2.64173405046387
31105	0.953291041425104
31107	1.49980316940823
31109	1.07206427378507
31111	0.735928263249999
31113	4.01422473551239
31115	-0.131193962541403
31117	3.0826699719048
31119	0.600852822526898
31121	1.57588014176951
31123	0.805794870520569
31125	1.86388582285153
31127	2.52761859192194
31129	3.68352279443169
31131	1.43304174468302
31133	2.6246555464644
31135	2.51209267919515
31137	2.63008961591877
31139	1.69620596540216
31141	0.476645520712552
31143	2.27765139702057
31145	1.85068879703375
31147	1.49126391740849
31149	1.93530502139478
31151	0.353990810170886
31153	-0.399792252714926
31155	0.898950346881328
31157	0.477421816348892
31159	1.46642245704562
31161	3.16262842244778
31163	1.7381259297645
31165	0.518565485074894
31167	-0.278690133445939
31169	3.46227853807489
31171	6.89893932015057
31173	-0.0822873374520041
31175	2.58661706028375
31177	0.589208387981803
31179	1.21335007959889
31181	1.4602120919549
31183	-0.128088779996044
31185	2.58506446901107
32001	-0.303531593808808
32003	-2.12860263484335
32005	-0.295768637445411
32007	-1.35541218104905
32009	0.961053997788501
32011	-0.134299145086761
32013	-1.55957793340638
32015	-0.529433623983649
32017	-0.544959536710442
32019	-1.40587139741113
32021	-0.32138639344462
32023	-1.5619068203154
32027	-2.4779356711962
32029	-0.439383330168248
32031	-0.91680514651714
32033	-0.532538806529008
32510	-0.303531593808808
33001	-0.0170785039994726
33003	0.652088334525316
33005	0.478198111985231
33007	0.59541875307252
33009	1.13261533341957
33011	0.105576206542194
33013	1.03713097014979
33015	0.227454621447521
33017	-0.291887159263713
33019	-0.18320577017616
34001	-1.18307454978164
34003	-0.197179091630274
34005	-0.195626500357595
34007	-0.534867693438027
34009	-0.601629118163238
34011	-1.12795755960153
34013	-1.21257378396255
34015	-0.419199643623417
34017	-2.36071503010891
34019	0.503039572348101
34021	0.126536188723365
34023	-1.11864201196545
34025	-0.169232448722046
34027	0.246085716719673
34029	-0.853148904337288
34031	-1.43925210977373
34033	0.0589984683618143
34035	-0.00232888690901898
34037	-0.271703472718882
34039	-0.853148904337288
34041	-0.249190899265031
35001	-0.607839483253955
35003	-0.27558495090058
35005	-0.816663009429324
35006	-2.5679859650116
35007	0.122654710541667
35009	-1.3251366512318
35011	1.84059695376134
35013	-1.595287532678
35015	-0.430844078168512
35017	-0.147496170904536
35019	-0.523999554529272
35021	3.59191990934361
35023	-1.31892628614109
35025	-1.25371745268855
35027	-0.647430560707278
35028	2.25125734538502
35029	-1.80100587630801
35031	-2.18061444247811
35033	-0.674600907979166
35035	-1.39733214541139
35037	0.515460302529535
35039	-1.79324291994462
35041	-0.41221298289636
35043	-0.829083739610759
35045	-1.31193962541403
35047	-1.52774981231645
35049	0.0784058592703058
35051	-1.09923462105696
35053	-1.18385084541798
35055	-0.313623437081223
35057	-1.82351844976187
35059	0.714191985432489
35061	-1.47263282213634
36001	0.773966749430643
36003	-0.50381586798444
36005	-3.06636776354166
36007	-0.0147496170904536
36009	-0.379608566170095
36011	-0.731270489431961
36013	0.263940516355485
36015	-0.0954843632697784
36017	-0.20571834363001
36019	-0.749125289067773
36021	0.048130329453059
36023	-0.25151978617405
36025	-0.0884977025427214
36027	-0.798031914157172
36029	0.00155259127267932
36031	0.286453089809335
36033	-0.923015511607858
36035	-0.895845164335969
36037	0.138956918904799
36039	-0.938541424334651
36041	3.03997371190611
36043	-0.176995405085443
36045	-1.18540343669066
36047	-2.7108243620981
36049	0.0613273552708333
36051	-0.222796847629483
36053	-0.214257595629747
36055	-0.0621036509071729
36057	-0.151377649086234
36059	-0.218139073811445
36061	0.34467526253481
36063	-0.170785039994726
36065	-0.476645520712552
36067	0.050459216362078
36069	-0.0628799465435126
36071	-1.01461839669594
36073	-0.739033445795358
36075	-0.673048316706487
36077	-0.316728619626582
36079	-0.515460302529535
36081	-2.86996496754773
36083	-0.187087248357858
36085	-2.16974630356935
36087	-0.0892739981790611
36089	-0.725836419977584
36091	-0.231336099629219
36093	-0.197955387266614
36095	-0.681587568706223
36097	-0.441712217077267
36099	-0.673048316706487
36101	-0.301202706899789
36103	-0.91835773778982
36105	-1.05653836105828
36107	0.286453089809335
36109	-0.316728619626582
36111	-0.378832270533755
36113	-0.0535643989074366
36115	-0.929225876698575
36117	-0.243756829810654
36119	-0.492171433439345
36121	-0.153706535995253
36123	-0.359424879625263
37001	-0.777848227612341
37003	-0.337688601807753
37005	-0.433949260713871
37007	-1.23431006178006
37009	-0.694008298887657
37011	-0.627246874162447
37013	-0.20649463926635
37015	0.370293018534019
37017	-1.76607257267273
37019	-1.25371745268855
37021	0.291887159263713
37023	-1.23663894868908
37025	-0.480526998894251
37027	-0.989776936333068
37029	-0.192521317812236
37031	-0.982013979969672
37033	-1.11864201196545
37035	-0.531762510892668
37037	-0.525552145801951
37039	-0.891187390517931
37041	-0.464224790531118
37043	-0.121878414905327
37045	-0.357095992716244
37047	-1.02548653560469
37049	-0.536420284710706
37051	-1.65118081849446
37053	-1.38879289341165
37055	-0.540301762892405
37057	-1.11320794251107
37059	-0.531762510892668
37061	-1.74666518176424
37063	-0.0869451112700421
37065	-0.755335654158491
37067	0.442488512713607
37069	-1.27312484359705
37071	-1.11864201196545
37073	-1.13804940287394
37075	-0.715744576705168
37077	-1.31271592105037
37079	-1.67835116576635
37081	0.0776295636339662
37083	-1.24207301814346
37085	-1.81730808467115
37087	-0.272479768355221
37089	-0.415318165441719
37091	-0.832188922156117
37093	-2.30637433556513
37095	-1.02160505742299
37097	-0.695560890160337
37099	-1.2839929825058
37101	-1.41363435377452
37103	-0.600852822526898
37105	-0.666837951615769
37107	-0.531762510892668
37109	-0.451804060349683
37111	-0.967264362879218
37113	-0.148272466540875
37115	-0.453356651622362
37117	-0.294992341809071
37119	-0.50459216362078
37121	0.346227853807489
37123	-1.83128140612526
37125	0.0776295636339662
37127	-0.685469046887921
37129	-0.513907711256856
37131	-0.558156562528217
37133	-2.68753549300791
37135	0.703323846523733
37137	-0.624141691617088
37139	-0.768532679976265
37141	-1.68223264394805
37143	-0.729717898159282
37145	-0.425410008714135
37147	-1.03169690069541
37149	0.740586037068037
37151	-1.21257378396255
37153	-1.0060791446962
37155	-2.1099715395712
37157	-0.704100142160073
37159	-0.686245342524261
37161	-0.225902030174842
37163	-1.39810844104773
37165	-1.51377649086234
37167	-0.0496829207257383
37169	-0.901279233790347
37171	-0.920686624698839
37173	-1.09302425596624
37175	0.748348993431434
37177	-0.705652733432752
37179	-0.943199198152689
37181	-1.00064507524182
37183	0.281019020354957
37185	-1.34609663341297
37187	-0.128865075632384
37189	0.057445877089135
37191	-1.12718126396519
37193	-0.936212537425632
37195	-0.768532679976265
37197	-0.647430560707278
37199	-0.138956918904799
38001	3.37222824425949
38003	2.09599821811709
38005	-0.156035422904272
38007	2.48104085374156
38009	2.4740541930145
38011	3.36136010535073
38013	4.21528530532436
38015	2.02069754139214
38017	0.678482386160864
38019	3.77434938388343
38021	3.11527438863106
38023	4.64535308785653
38025	1.65273340976714
38027	2.40574017701661
38029	1.72337631267405
38031	3.22706096026397
38033	2.08823526175369
38035	0.281795315991297
38037	-0.152153944722574
38039	5.62814336346255
38041	3.53757921479984
38043	2.57885410392036
38045	2.69296956246229
38047	3.34816307953296
38049	1.16521975014583
38051	3.79065159224657
38053	1.97179091630274
38055	1.58752457631461
38057	2.72712657046123
38059	1.01849987487764
38061	1.24750708759784
38063	4.16793127150764
38065	2.18682480756883
38067	3.16029953553876
38069	1.92831836066772
38071	1.35308329414003
38073	3.18824617844699
38075	2.27454621447521
38077	1.59684012395068
38079	-1.32824183377716
38081	2.79932206464082
38083	3.19135136099235
38085	-1.98188275957516
38087	3.03531593808808
38089	0.732046785068301
38091	1.44546247486445
38093	2.0610649144818
38095	3.7052590722492
38097	3.0298818686337
38099	2.16974630356935
38101	0.597747639981539
38103	3.761928653702
38105	1.21645526214425
39001	-0.695560890160337
39003	0.534867693438027
39005	0.717297167977847
39007	0.0240651647265295
39009	0.121878414905327
39011	0.898174051244989
39013	0.521670667620253
39015	-0.721954941795885
39017	0.0838399287246834
39019	-0.0900502938154007
39021	0.256177559992088
39023	0.249190899265031
39025	-0.345451558171149
39027	0.0846162243610231
39029	0.514684006893196
39031	0.328373054171677
39033	0.926120694153216
39035	0.296544933081751
39037	0.836846695974155
39039	1.06119613487632
39041	0.57445877089135
39043	0.615602439617352
39045	0.284124202900316
39047	-0.447922582167985
39049	0.274032359627901
39051	1.08293241269383
39053	-0.106352502178534
39055	0.678482386160864
39057	0.328373054171677
39059	0.152930240358913
39061	0.567472110164293
39063	0.506921050529799
39065	0.00465777381803797
39067	0.995987301423786
39069	1.17996936723629
39071	-0.392805591987869
39073	-0.127312484359704
39075	-1.40742398868381
39077	0.235217577810917
39079	-0.0147496170904536
39081	1.01617098796862
39083	0.179324291994462
39085	0.319833802171941
39087	-0.659074995252373
39089	0.450251469077004
39091	0.166903561813027
39093	-0.00310518254535865
39095	0.263940516355485
39097	-0.333807123626054
39099	0.790268957793775
39101	0.386595226897151
39103	0.266269403264504
39105	-0.0155259127267932
39107	0.983566571242351
39109	0.80346598361155
39111	0.924568102880537
39113	0.39047670507885
39115	-0.581445431618407
39117	-0.18320577017616
39119	0.313623437081223
39121	-0.437830738895569
39123	0.628799465435126
39125	0.469658859985495
39127	-0.536420284710706
39129	-0.38970040944251
39131	-0.593089866163501
39133	-0.0993658414514767
39135	0.159140605449631
39137	1.17531159341825
39139	0.590760979254482
39141	-0.215033891266086
39143	0.387371522533491
39145	-0.36718783598866
39147	0.746020106522415
39149	0.644325378161919
39151	0.578340249073048
39153	0.444817399622626
39155	0.303531593808808
39157	0.680811273069883
39159	0.602405413799577
39161	0.971145841060917
39163	-0.790268957793775
39165	-0.00698666072705695
39167	0.562814336346255
39169	0.350885627625527
39171	1.03713097014979
39173	0.4580144254404
39175	1.29874259959625
40001	-1.48660614359045
40003	1.15512790687342
40005	-1.24595449632516
40007	0.753006767249472
40009	-0.204165752357331
40011	-0.352438218898206
40013	-0.968816954151898
40015	-0.767756384339925
40017	-0.543406945437763
40019	-0.391253000715189
40021	-0.991329527605748
40023	-0.905160711972045
40025	2.06960416648154
40027	-0.721954941795885
40029	-0.417647052350738
40031	-1.50601353449894
40033	-0.943975493789029
40035	-0.116444345450949
40037	-0.622589100344409
40039	0.249190899265031
40041	-1.53163129049815
40043	1.06430131742168
40045	1.24517820068882
40047	0.141285805813818
40049	-0.377279679261076
40051	-0.530209919619989
40053	2.11152413084388
40055	-0.34389896689847
40057	-0.666837951615769
40059	1.75598072940031
40061	-0.923791807244197
40063	-1.08681389087553
40065	-0.892739981790611
40067	-0.668390542888449
40069	-0.463448494894778
40071	0.510026233075158
40073	1.00064507524182
40075	0.0690903116342299
40077	-0.452580355986023
40079	-1.63953638394937
40081	-0.747572697795094
40083	-0.437054443259229
40085	-0.699442368342035
40087	-0.0799584505429851
40089	-1.69465337412948
40091	-0.937765128698311
40093	1.45400172686419
40095	-1.20481082759915
40097	-0.273256063991561
40099	-0.414541869805379
40101	-0.554275084346518
40103	0.108681389087553
40105	0.126536188723365
40107	-1.56345941158808
40109	-0.432396669441192
40111	-0.789492662157436
40113	-0.965711771606539
40115	-0.460343312349419
40117	-0.497605502893723
40119	0.546512127983122
40121	-0.765427497430906
40123	-0.29732122871809
40125	-0.976579910515294
40127	-0.820544487611022
40129	2.19846924211392
40131	-0.34312267126213
40133	-1.0549857697856
40135	-1.67835116576635
40137	-0.0916028850880801
40139	-0.604734300708596
40141	-0.414541869805379
40143	0.268598290173523
40145	-0.976579910515294
40147	0.948633267607066
40149	0.185534657085179
40151	1.63953638394937
40153	-0.490618842166666
41001	1.82972881485258
41003	0.961830293424841
41005	0.319833802171941
41007	0.709534211614451
41009	0.371845609806698
41011	0.471987746894514
41013	-0.197955387266614
41015	0.0636562421798522
41017	0.139733214541139
41019	0.147496170904536
41021	2.22952106756751
41023	2.25436252793038
41025	0.853925199973628
41027	1.38724030213898
41029	0.201060569811972
41031	-0.814334122520305
41033	0.202613161084652
41035	0.210376117448048
41037	1.5619068203154
41039	0.487513659621307
41041	0.050459216362078
41043	0.256953855628428
41045	-1.05809095233096
41047	-0.132746553814082
41049	-0.512355119984177
41051	0.856254086882647
41053	0.314399732717563
41055	3.21541652571888
41057	0.489066250893987
41059	-0.919910329062499
41061	1.16677234141851
41063	2.66424662391772
41065	0.912923668335442
41067	-0.369516722897679
41069	2.41505572465269
41071	-0.108681389087553
42001	-0.364082653443301
42003	0.593866161799841
42005	0.278690133445939
42007	0.216586482538766
42009	0.0916028850880801
42011	-0.225902030174842
42013	0.214257595629747
42015	0.0271703472718882
42017	0.0411436687260021
42019	0.0605510596344936
42021	0.471211451258175
42023	1.1116553512384
42025	-0.0853925199973628
42027	-0.117996936723629
42029	0.0838399287246834
42031	0.120325823632648
42033	-0.0426962599986814
42035	-0.793374140339134
42037	-0.176995405085443
42039	-0.050459216362078
42041	0.490618842166666
42043	1.33600479014056
42045	0.186310952721519
42047	0.583774318527425
42049	0.197179091630274
42051	-1.04644651778586
42053	-0.378832270533755
42055	0.0380384861806434
42057	-0.0147496170904536
42059	-0.572129883982331
42061	-0.454132947258702
42063	-0.214257595629747
42065	0.371845609806698
42067	0.52632844143829
42069	0.223573143265823
42071	0.272479768355221
42073	0.455685538531381
42075	0.197179091630274
42077	-0.0652088334525316
42079	-0.177771700721782
42081	0.0139733214541139
42083	0.296544933081751
42085	0.25151978617405
42087	-0.263940516355485
42089	-1.56268311595174
42091	0.578340249073048
42093	0.524775850165611
42095	-0.111786571632911
42097	-0.0628799465435126
42099	0.108681389087553
42101	-0.639667604343881
42103	-1.98731682902953
42105	0.440935921440928
42107	0.0861688156337024
42109	-0.140509510177479
42111	0.360201175261603
42113	0.98744804942405
42115	-0.0675377203615506
42117	-0.184758361448839
42119	-0.486737363984968
42121	0.265493107628164
42123	0.379608566170095
42125	0.203389456720991
42127	-0.582998022891086
42129	0.325267871626318
42131	-0.359424879625263
42133	-0.0100918432724156
44001	-0.148272466540875
44003	-0.311294550172204
44005	0.32061009780828
44007	-0.794150435975474
44009	0.0240651647265295
45001	-1.08137982142115
45003	-1.17841677596361
45005	-2.12627374793433
45007	-0.932331059243934
45009	-0.874885182154799
45011	-0.91758144215348
45013	-1.11010275996572
45015	-1.6892193046751
45017	-0.976579910515294
45019	-0.736704558886339
45021	-0.898174051244989
45023	-1.09069536905722
45025	-1.78547996358122
45027	-1.24983597450686
45029	-1.71328446940163
45031	-1.12562867269251
45033	-1.85612286648813
45035	-1.33600479014056
45037	14.2962604388312
45039	-1.34764922468565
45041	-0.955619928334123
45043	-0.718073463614187
45045	-0.627246874162447
45047	-0.78017711452136
45049	-1.03868356142247
45051	-1.81886067594383
45053	-2.26988844065717
45055	-0.705652733432752
45057	-1.4268313795923
45059	-1.57122236795148
45061	-1.63565490576767
45063	-0.908265894517404
45065	-0.379608566170095
45067	-1.06740649996703
45069	-2.248928458476
45071	-1.31426851232305
45073	-0.792597844702794
45075	-1.0138421010596
45077	-1.30728185159599
45079	-0.208823526175369
45081	-1.10466869051134
45083	-0.979685093060653
45085	-1.31349221668671
45087	-0.338464897444092
45089	-1.52153944722574
45091	-0.985119162515031
46003	3.32254532353375
46005	2.82804500318539
46007	0.61948391779905
46009	1.95471241230327
46011	1.05809095233096
46013	1.76840145958175
46015	2.46473864537843
46017	-0.725060124341244
46019	1.05265688287658
46021	2.20235072029562
46023	2.74032359627901
46025	2.95535748754509
46027	0.911371077062763
46029	1.28942705196018
46031	-0.234441282174578
46033	1.15512790687342
46035	1.46564616140928
46037	3.83800562606329
46039	2.41738461156171
46041	0.947856971970727
46043	3.47547556389266
46045	1.88406950939636
46047	2.41117424647099
46049	4.39538589295516
46051	2.50976379228613
46053	3.6602339253415
46055	4.62284051440268
46057	1.33522849450422
46059	4.38917552786445
46061	1.58907716758729
46063	1.60382678467774
46065	4.68882564349156
46067	3.41337191298549
46069	2.85211016791192
46071	0.246085716719673
46073	3.52593478025474
46075	4.85262402275922
46077	3.2627705595356
46079	1.5091187170443
46081	1.33057072068618
46083	0.818991896338343
46085	0.862464451973364
46087	2.08124860102663
46089	4.37597850204667
46091	1.99740867230195
46093	-0.154482831631593
46095	0.249190899265031
46097	2.58273558210205
46099	1.04644651778586
46101	1.62168158431355
46103	0.906713303244725
46105	4.12834019405432
46107	4.456713248226
46109	1.1000109166933
46111	1.68378523522073
46113	-1.27467743486972
46115	2.28696694465664
46117	2.04864418430037
46119	4.3216378075029
46121	-0.927673285425896
46123	2.37391205592668
46125	3.04230259881513
46127	1.77073034649077
46129	3.05394703336023
46135	1.13261533341957
46137	-0.542630649801423
47001	0.4580144254404
47003	-1.51222389958966
47005	-1.00375025778718
47007	-1.82041326721651
47009	-0.646654265070938
47011	-0.785611183975738
47013	-1.80643994576239
47015	-1.17065381960021
47017	-0.488289955257647
47019	-1.07051168251239
47021	-0.976579910515294
47023	-1.39810844104773
47025	-2.09677451375343
47027	-1.48039577849973
47029	-1.48194836977241
47031	-0.59541875307252
47033	-0.746796402158754
47035	-0.451804060349683
47037	-0.104023615269515
47039	-0.982013979969672
47041	-1.22344192287131
47043	-0.942422902516349
47045	-0.934659946152953
47047	-0.979685093060653
47049	-1.17453529778191
47051	-0.64277278688924
47053	-0.0450251469077004
47055	-1.04178874396783
47057	-1.88717469194172
47059	-1.09302425596624
47061	-1.26846706977901
47063	-0.513907711256856
47065	-0.0186310952721519
47067	-2.49811935774103
47069	-1.21800785341693
47071	-0.844609652337552
47073	-1.59606382831434
47075	-0.148272466540875
47077	-1.43769951850105
47079	-0.568248405800632
47081	-1.70319262612922
47083	-0.648206856343617
47085	-0.363306357806962
47087	-1.45555431813687
47089	-1.34299145086761
47091	-1.08759018651187
47093	-0.474316633803533
47095	-0.20571834363001
47097	-2.21865292865875
47099	-0.73437567197732
47101	-0.766203793067246
47103	-0.985119162515031
47105	-0.274032359627901
47107	-1.00763173596888
47109	-0.78017711452136
47111	-2.10065599193512
47113	-0.193297613448576
47115	-1.42139731013792
47117	-1.24750708759784
47119	-0.528657328347309
47121	-1.7458888861279
47123	-1.27312484359705
47125	-1.50756612577162
47127	-0.96260658906118
47129	-1.68611412212974
47131	-0.288005681082014
47133	-1.39034548468433
47135	-1.56656459413344
47137	-0.176219109449103
47139	-0.457238129804061
47141	-0.500710685439082
47143	-1.24052042687078
47145	-0.709534211614451
47147	-0.740586037068037
47149	-1.10932646432938
47151	-1.59451123704166
47153	-1.37559586759388
47155	-1.32047887741376
47157	0.0644325378161919
47159	-0.996763597060126
47161	-1.03480208324077
47163	-0.04580144254404
47165	-0.633457239253164
47167	-1.09768202978428
47169	-0.794926731611813
47171	-0.0349333036352848
47173	-2.26367807556645
47175	-1.0961294385116
47177	-1.16211456760047
47179	-0.530986215256328
47181	-1.8281762235799
47183	-0.271703472718882
47185	-0.989000640696729
47187	0.904384416335706
47189	-0.353214514534546
48001	-1.83749177121598
48003	-0.992105823242088
48005	-0.957172519606803
48007	-1.52697351668011
48009	0.336136010535073
48011	0.230559803992879
48013	-2.10919524393486
48015	-0.223573143265823
48017	-0.36718783598866
48019	-0.516236598165875
48021	-1.43769951850105
48023	0.907489598881064
48025	-2.32112395265559
48027	-1.60149789776872
48029	-1.68689041776608
48031	0.242204238537974
48033	-0.690903116342299
48035	-0.245309421083333
48037	-0.676929794888185
48039	-1.57898532431487
48041	-1.38879289341165
48043	1.08991907342088
48045	2.46473864537843
48047	-1.63177342758597
48049	-0.57290617961867
48051	-0.713415689796149
48053	-0.861688156337024
48055	-1.63876008831303
48057	-1.09535314287526
48059	-0.585326909800105
48061	-3.25267871626318
48063	-0.714191985432489
48065	1.01694728360496
48067	-0.378832270533755
48069	-1.12407608141983
48071	-1.44468617922811
48073	-1.52852610795279
48075	-1.02703912687737
48077	-0.230559803992879
48079	-0.624141691617088
48081	0.0667614247252109
48083	0.0869451112700421
48085	-1.06663020433069
48087	2.15810186902426
48089	-0.249967194901371
48091	-0.240651647265295
48093	-0.442488512713607
48095	-1.8887272832144
48097	-0.399015957078586
48099	-2.45542309774235
48101	0.673824612342826
48103	-0.967264362879218
48105	-0.0690903116342299
48107	-0.0248414603628692
48109	-1.77383552903613
48111	0.857030382518986
48113	-1.50756612577162
48115	-0.943199198152689
48117	-1.20403453196281
48119	-0.588432092345463
48121	-1.29097964323286
48123	-1.15823308941877
48125	-0.582998022891086
48127	-1.50601353449894
48129	-0.0605510596344936
48131	-2.58661706028375
48133	-0.518565485074894
48135	-1.70940299121993
48137	0.654417221434335
48139	-1.15745679378244
48141	-2.31568988320121
48143	-0.808123757429588
48145	-0.867898521427742
48147	-0.830636330883438
48149	1.3212551730501
48151	0.705652733432752
48153	-0.0170785039994726
48155	1.57588014176951
48157	-1.39500325850237
48159	-0.776295636339662
48161	-0.877990364700157
48163	-2.60835333810126
48165	-1.05188058724024
48167	-1.1566804981461
48169	-0.778624523248681
48171	1.10544498614768
48173	-0.496829207257383
48175	0.521670667620253
48177	-1.24750708759784
48179	0.0155259127267932
48181	-0.565143223255274
48183	-0.247638307992352
48185	-2.07038046211788
48187	-1.2467307919615
48189	-1.05032799596756
48191	0.785611183975738
48193	0.865569634518723
48195	1.22499451414399
48197	0.531762510892668
48199	-1.02548653560469
48201	-1.9376339083038
48203	-0.712639394159809
48205	-1.0922479603299
48207	0.402897435260284
48209	-1.18074566287263
48211	1.66748302685759
48213	-1.41984471886524
48215	-3.44908151225712
48217	-0.885753321063554
48219	-1.145036063601
48221	-0.342346375625791
48223	-0.985119162515031
48225	-0.843057061064872
48227	-1.31116332977769
48229	-2.3350972741097
48231	-1.23431006178006
48233	0.22978350835654
48235	0.891187390517931
48237	-1.03635467451345
48239	-1.04877540469488
48241	-1.10544498614768
48243	2.35528096065453
48245	-0.846938539246571
48247	-1.78858514612658
48249	-1.94384427339451
48251	-1.49359280431751
48253	-1.48427725668143
48255	-1.76607257267273
48257	-1.28709816505116
48259	0.398239661442246
48261	-0.379608566170095
48263	2.49656676646835
48265	0.579892840345727
48267	0.430067782532172
48269	-0.589208387981803
48271	-1.0099606228779
48273	-1.46098838759124
48275	1.94073909084915
48277	-0.623365395980748
48279	-1.13183903778323
48281	-0.992882118878427
48283	-1.68611412212974
48285	0.537196580347046
48287	-0.801137096702531
48289	-0.347004149443829
48291	-2.19769294647758
48293	-1.35618847668539
48295	2.24737586720332
48297	-1.56423570722442
48299	0.131193962541403
48301	8.85520432372652
48303	-0.942422902516349
48305	-0.181653178903481
48307	0.616378735253691
48309	-0.744467515249735
48311	1.02781542251371
48313	-1.86854359666957
48315	-1.58674828067827
48317	0.784834888339398
48319	2.49734306210469
48321	-0.952514745788765
48323	-3.36446528789609
48325	-1.50290835195358
48327	0.590760979254482
48329	-0.8259785570654
48331	-0.45956701671308
48333	0.308965663263185
48335	-1.85612286648813
48337	-0.215810186902426
48339	-1.47496170904536
48341	-1.26691447850633
48343	-0.54961731052848
48345	5.97747639981539
48347	-1.16366715887315
48349	-1.22266562723497
48351	-1.53706535995253
48353	-0.581445431618407
48355	-1.48505355231777
48357	-0.111010275996572
48359	1.30495296468697
48361	-1.16211456760047
48363	-0.782506001430379
48365	-0.426962599986814
48367	-0.780953410157699
48369	-0.616378735253691
48371	-1.7497703643096
48373	-1.30650555595965
48375	-1.65118081849446
48377	-2.02069754139214
48379	-1.3328996075952
48381	-0.438607034531909
48383	-0.514684006893196
48385	1.70008744358386
48387	-0.635009830525843
48389	-2.13015522611603
48391	-0.128865075632384
48393	1.44080470104641
48395	-0.59541875307252
48397	-0.593866161799841
48399	0.316728619626582
48401	-1.03713097014979
48403	-0.71031050725079
48405	-1.1566804981461
48407	-2.77137542173259
48409	-1.55880163777004
48411	0.223573143265823
48413	0.423081121805116
48415	-0.91758144215348
48417	1.74355999921888
48419	-1.30728185159599
48421	0.78017711452136
48423	-0.338464897444092
48425	0.430844078168512
48427	-3.90942482460654
48429	-1.21490267087157
48431	0.629575761071466
48433	2.31103210938317
48435	-0.00388147818169831
48437	-0.520894371983913
48439	-1.17841677596361
48441	-0.330701941080696
48443	0.829083739610759
48445	-0.984342866878691
48447	1.28244039123312
48449	-1.66515413994857
48451	-0.723507533068565
48453	-0.369516722897679
48455	-0.720402350523206
48457	-1.35851736359441
48459	-1.26924336541535
48461	-0.224349438902162
48463	-1.2467307919615
48465	-2.33276838720068
48467	-1.227323401053
48469	-1.01461839669594
48471	-2.60447185991956
48473	-1.36239884177611
48475	-0.284124202900316
48477	0.167679857449367
48479	-3.22007429953692
48481	-0.552722493073839
48483	1.80411105885337
48485	-0.561261745073575
48487	-0.610168370162974
48489	-2.72945545737025
48491	-0.932331059243934
48493	-1.22809969668934
48495	-0.853148904337288
48497	-1.12873385523787
48499	-0.176219109449103
48501	-0.864017043246043
48503	0.219691665084124
48505	-3.42113486934889
48507	-3.00892188645253
49001	-1.21412637523523
49003	-0.905937007608385
49005	-1.00685544033254
49007	-0.462672199258438
49009	-2.09366933120807
49011	-1.07051168251239
49013	-2.05795973193644
49015	-1.0021976665145
49017	-1.10466869051134
49019	-0.0139733214541139
49021	-1.2762300261424
49023	-1.66360154867589
49025	-1.08991907342088
49027	-0.995987301423786
49029	-0.222020551993143
49031	-1.01151321415058
49033	-1.47030393522732
49035	-1.05265688287658
49037	-1.85534657085179
49039	-2.04476270611867
49041	-0.970369545424577
49043	-0.785611183975738
49045	-2.08590637484467
49047	-1.30572926032331
49049	-1.60537937595042
49051	-1.34764922468565
49053	-1.58830087195095
49055	-0.176219109449103
49057	-1.48117207413607
50001	0.593866161799841
50003	1.03480208324077
50005	0.254624968719409
50007	0.846938539246571
50009	-0.712639394159809
50011	-0.506921050529799
50013	0.119549527996308
50015	0.385042635624472
50017	0.800360801066191
50019	-0.2290072127202
50021	0.277913837809599
50023	1.98188275957516
50025	0.910594781426423
50027	1.19083750614504
51001	-1.27157225232437
51003	-0.20727093490269
51005	-0.906713303244725
51007	0.142062101450158
51009	-0.663732769070411
51011	0.409107800351002
51013	0.579116544709387
51015	-0.830636330883438
51017	1.00375025778718
51019	-0.218139073811445
51021	-0.770085271248944
51023	-0.154482831631593
51025	-1.07827463887579
51027	-1.37481957195754
51029	-1.40509510177479
51031	-0.385818931260812
51033	-0.673824612342826
51035	-1.09380055160258
51036	0.878766660336497
51037	-0.142062101450158
51041	-0.117996936723629
51043	0.653640925797995
51045	-0.663732769070411
51047	-0.659074995252373
51049	-1.02082876178665
51051	-1.14969383741904
51053	-0.949409563243406
51057	-0.349333036352848
51059	-0.0263940516355485
51061	0.464224790531118
51063	0.0225125734538502
51065	-0.617931326526371
51067	-0.850043721791929
51069	-0.669943134161128
51071	-0.00853925199973628
51073	-0.428515191259493
51075	1.1077738730567
51077	-1.39345066722969
51079	-1.08991907342088
51081	-2.20079812902294
51083	-0.695560890160337
51085	0.707981620341771
51087	0.232888690901898
51089	-0.874108886518459
51091	3.32487421044277
51093	0.322938984717299
51095	0.380384861806434
51097	-0.282571611627637
51099	-0.679258681797204
51101	0.489066250893987
51103	2.22020551993143
51105	-1.37637216323022
51107	-0.289558272354694
51109	-0.860135565064345
51111	-1.16211456760047
51113	-0.39047670507885
51115	1.03480208324077
51117	-0.807347461793248
51119	0.307413071990506
51121	-0.921462920335178
51125	-0.34467526253481
51127	0.0372621905443038
51131	0.110233980360232
51133	0.613273552708333
51135	0.0605510596344936
51137	-0.0341570079989451
51139	-0.517789189438554
51141	-0.738257150159018
51143	-0.666837951615769
51145	-0.131193962541403
51147	-0.340793784353111
51149	-1.71638965194699
51153	-1.13804940287394
51155	-0.706429029069092
51157	0.486737363984968
51159	0.240651647265295
51161	0.62026021343539
51163	-1.1000109166933
51165	-0.45879072107674
51167	-1.21645526214425
51169	-1.13882569851028
51171	0.310518254535865
51173	-0.911371077062763
51175	-0.541854354165084
51177	-1.08914277778455
51179	-0.935436241789292
51181	-0.055116990180116
51183	-0.716520872341508
51185	-0.761546019249208
51187	-0.250743490537711
51191	-0.614049848344672
51193	-0.15991690108597
51195	-1.38801659777531
51197	-0.456461834167721
51199	0.0271703472718882
51510	2.14490484320649
51515	3.36601787916877
51520	0.314399732717563
51530	-0.545735832346782
51540	1.92831836066772
51550	-0.392029296351529
51570	0.600076526890558
51580	3.23560021226371
51590	0.75688824543117
51595	2.08357748793565
51600	3.80928268751872
51610	3.59191990934361
51620	1.5052372388626
51630	0.961053997788501
51640	1.922107995577
51650	-0.783282297066718
51660	-0.697113481433016
51670	-0.604734300708596
51678	5.26173182311023
51680	0.423081121805116
51683	-0.398239661442246
51685	-2.78301985627769
51690	2.4818171493779
51700	-0.842280765428533
51710	-1.2389678355981
51720	1.32047887741376
51730	0.1839820658125
51735	0.419199643623417
51740	-0.546512127983122
51750	-0.778624523248681
51760	0.152930240358913
51770	0.267821994537183
51775	1.08060352578481
51790	1.27933520868776
51800	-0.462672199258438
51810	-0.836846695974155
51820	0.846938539246571
51830	0.788716366521096
51840	0.627246874162447
53001	-0.43550185198655
53003	-0.378832270533755
53005	-0.315952323990242
53007	0.0753006767249472
53009	0.232888690901898
53011	-0.723507533068565
53013	1.49902687377189
53015	-0.194073909084915
53017	-1.13183903778323
53019	-0.930002172334915
53021	-1.72881038212843
53023	2.30326915301978
53025	-1.2350863574164
53027	-0.614049848344672
53029	-0.394358183260548
53031	1.20636341887183
53033	0.190192430903217
53035	-0.0978132501787974
53037	-0.540301762892405
53039	-0.050459216362078
53041	-0.32061009780828
53043	2.71781102282516
53045	-0.96260658906118
53047	-0.260835333810126
53049	0.533315102165347
53051	-0.0178547996358122
53053	-0.766203793067246
53055	1.81653178903481
53057	-0.177771700721782
53059	-0.585326909800105
53061	-0.585326909800105
53063	-0.140509510177479
53065	0.00310518254535865
53067	0.0349333036352848
53069	0.795703027248153
53071	-0.325267871626318
53073	0.048130329453059
53075	-0.0170785039994726
53077	-1.28476927814214
54001	-0.637338717434862
54003	-1.14270717669198
54005	-1.20946860141719
54007	-1.25061227014319
54009	0.0349333036352848
54011	-0.224349438902162
54013	-1.45167283995517
54015	-1.49592169122653
54017	-1.0511042916039
54019	-0.765427497430906
54021	-0.727389011250263
54023	-0.323715280353639
54025	0.0364858949079641
54027	-1.47651430031804
54029	0.652864630161655
54031	-0.903608120699366
54033	0.588432092345463
54035	-0.166127266176688
54037	-0.509249937438818
54039	0.704100142160073
54041	-0.289558272354694
54043	-1.81032142394409
54045	-1.23198117487104
54047	-1.77073034649077
54049	0.438607034531909
54051	-0.0667614247252109
54053	-0.250743490537711
54055	-0.536420284710706
54057	-0.0318281210899261
54059	-1.26458559159731
54061	-0.649759447616297
54063	-0.827531148338079
54065	-0.290334567991033
54067	-0.652088334525316
54069	1.7008637392202
54071	-0.739033445795358
54073	-0.0652088334525316
54075	-0.759217132340189
54077	-0.561261745073575
54079	-0.173890222540084
54081	-1.03790726578613
54083	-0.598523935617879
54085	-0.888082207972573
54087	-1.14581235923734
54089	-1.38724030213898
54091	-0.417647052350738
54093	0.460343312349419
54095	0.319833802171941
54097	-0.139733214541139
54099	-0.927673285425896
54101	-1.20558712323549
54103	0.0815110418156645
54105	-0.978132501787974
54107	0.725836419977584
54109	-1.71173187812895
55001	-1.32824183377716
55003	1.53396017740717
55005	1.09380055160258
55007	1.75520443376397
55009	0.667614247252109
55011	1.57510384613317
55013	0.600852822526898
55015	1.15978568069145
55017	0.685469046887921
55019	0.426962599986814
55021	0.929225876698575
55023	0.34312267126213
55025	1.75675702503665
55027	0.57445877089135
55029	1.80333476321703
55031	0.925344398516877
55033	0.722731237432225
55035	1.37093809377584
55037	-1.25915152214293
55039	0.882648138518195
55041	0.0139733214541139
55043	0.856254086882647
55045	0.998316188332805
55047	1.46176468322758
55049	0.881095547245516
55051	-0.217362778175105
55053	0.295768637445411
55055	0.674600907979166
55057	0.396687070169567
55059	-0.196402795993934
55061	0.89351627742695
55063	1.25294115705221
55065	1.21102119268987
55067	1.03092060505907
55069	0.611720961435653
55071	0.867122225791402
55073	1.04101244833149
55075	0.635786126162183
55077	-0.16146949235865
55078	-0.52632844143829
55079	0.669943134161128
55081	0.444817399622626
55083	0.308189367626846
55085	0.238322760356276
55087	0.96415918033386
55089	1.67136450503929
55091	1.59839271522336
55093	1.10466869051134
55095	0.728165306886603
55097	1.09147166469356
55099	1.26846706977901
55101	0.636562421798523
55103	0.804242279247889
55105	0.617931326526371
55107	0.383490044351793
55109	0.738257150159018
55111	0.794150435975474
55113	1.48893503049947
55115	0.562814336346255
55117	1.4151869450472
55119	0.454909242895042
55121	1.09302425596624
55123	1.42527878831962
55125	1.92366058684968
55127	0.0512355119984177
55129	0.635786126162183
55131	1.0021976665145
55133	1.40121362359309
55135	1.18928491487236
55137	0.350885627625527
55139	0.915252555244461
55141	1.26303300032463
56001	1.18850861923602
56003	0.357095992716244
56005	-0.507697346166139
56007	0.545735832346782
56009	0.423081121805116
56011	1.37870105013924
56013	0.341570079989451
56015	1.29641371268723
56017	2.22331070247679
56019	2.08280119229931
56021	0.822097078883702
56023	-0.0186310952721519
56025	0.749125289067773
56027	3.10285365844963
56029	1.6069319672231
56031	2.68287771918987
56033	1.89338505703243
56035	0.91680514651714
56037	-0.27480865526424
56039	2.75119173518776
56041	-0.843057061064872
56043	2.04631529739135
56045	1.07594575196677
